,회사명,채용공고 제목,채용공고 세부 사항,기술 세부 사항,링크
0,(주)클로봇,[클로봇] 딥러닝 기반 인식 SW 개발자 채용,"경기,성남시 중원구,신입·경력,대졸↑,정규직","딥러닝,RPA,Keras,영상처리,IoT",https://www.saramin.co.kr/zf_user/jobs/relay/view?view_type=search&rec_idx=47610081&location=ts&searchword=%EB%94%A5%EB%9F%AC%EB%8B%9D&searchType=search&paid_fl=n&search_uuid=f22068c2-922d-4987-b226-85f251ce2913
1,(주)포스로직,"AI 인공지능, 딥러닝, 이미지 프로세싱 알고리즘 개발 신입 채용","서울,강남구,신입,대졸↑,정규직,4,550 만원","딥러닝,AI(인공지능),OpenCV,OCR,신경망",https://www.saramin.co.kr/zf_user/jobs/relay/view?view_type=search&rec_idx=47809603&location=ts&searchword=%EB%94%A5%EB%9F%AC%EB%8B%9D&searchType=search&paid_fl=n&search_uuid=f22068c2-922d-4987-b226-85f251ce2913
2,(주)앤씨앤,컴퓨터 비전 기반 딥러닝 인식 Researcher 모집,"경기전체,신입·경력,대졸↑,정규직","딥러닝,OpenCV,Python,Pytorch,OpenGL",https://www.saramin.co.kr/zf_user/jobs/relay/view?view_type=search&rec_idx=47905529&location=ts&searchword=%EB%94%A5%EB%9F%AC%EB%8B%9D&searchType=search&paid_fl=n&search_uuid=f22068c2-922d-4987-b226-85f251ce2913
3,(주)뉴로다임,AI(딥러닝) 연구 및 개발,"서울,성동구,신입·경력,대졸↑,정규직","딥러닝,Keras,SE(시스템엔지니어),Tensorflow,Linux",https://www.saramin.co.kr/zf_user/jobs/relay/view?view_type=search&rec_idx=41005800&location=ts&searchword=%EB%94%A5%EB%9F%AC%EB%8B%9D&searchType=search&paid_fl=n&search_uuid=f22068c2-922d-4987-b226-85f251ce2913
4,블루닷(주),[신입] 딥러닝 알고리즘 엔지니어,"서울,강남구,신입·경력,대졸↑,정규직","딥러닝,AI(인공지능),Python,Pytorch,알고리즘",https://www.saramin.co.kr/zf_user/jobs/relay/view?view_type=search&rec_idx=46523966&location=ts&searchword=%EB%94%A5%EB%9F%AC%EB%8B%9D&searchType=search&paid_fl=n&search_uuid=f22068c2-922d-4987-b226-85f251ce2913
5,(주)인텔리즈,머신비전 및 딥러닝 응용 소프트웨어 개발자 모집,"서울,성동구,경력,초대졸↑,정규직","딥러닝,유지보수,OpenCV,Python,Pytorch",https://www.saramin.co.kr/zf_user/jobs/relay/view?view_type=search&rec_idx=47644868&location=ts&searchword=%EB%94%A5%EB%9F%AC%EB%8B%9D&searchType=search&paid_fl=n&search_uuid=f22068c2-922d-4987-b226-85f251ce2913
6,(주)디퍼아이,[서초구] 딥러닝 임베디드 어플리케이션 SW 청년 개발자 채용,"서울,서초구,경력무관,학력무관,정규직","딥러닝,FPGA,Python,Pytorch,컴퓨터비전",https://www.saramin.co.kr/zf_user/jobs/relay/view?view_type=search&rec_idx=47687740&location=ts&searchword=%EB%94%A5%EB%9F%AC%EB%8B%9D&searchType=search&paid_fl=n&search_uuid=f22068c2-922d-4987-b226-85f251ce2913
7,위드로봇(주),C++ 기반 딥러닝(YOLO) 개발자 신입/경력 채용,"서울,송파구,경력 5~20년,대졸↑,정규직","딥러닝,Tensorflow,Ubuntu,C++,머신러닝",https://www.saramin.co.kr/zf_user/jobs/relay/view?view_type=search&rec_idx=47803682&location=ts&searchword=%EB%94%A5%EB%9F%AC%EB%8B%9D&searchType=search&paid_fl=n&search_uuid=f22068c2-922d-4987-b226-85f251ce2913
8,(주)인공지능팩토리,딥러닝 엔니지어 채용,"서울,중구,신입·경력,대졸↑,정규직","딥러닝,모델링,SE(시스템엔지니어),컴퓨터비전,크롤링",https://www.saramin.co.kr/zf_user/jobs/relay/view?view_type=search&rec_idx=47859638&location=ts&searchword=%EB%94%A5%EB%9F%AC%EB%8B%9D&searchType=search&paid_fl=n&search_uuid=f22068c2-922d-4987-b226-85f251ce2913
9,(주)알에스엔,[신입/경력] 인공지능 딥러닝 개발자 모집,"경기,고양시 일산서구,신입·경력,대졸↑,정규직","딥러닝,알고리즘,Tensorflow,빅데이터,머신러닝",https://www.saramin.co.kr/zf_user/jobs/relay/view?view_type=search&rec_idx=47949930&location=ts&searchword=%EB%94%A5%EB%9F%AC%EB%8B%9D&searchType=search&paid_fl=n&search_uuid=f22068c2-922d-4987-b226-85f251ce2913
10,(주)디노,인공지능(딥러닝) 연구개발자 채용,"경기,용인시 기흥구,경력 2~10년,초대졸↑,정규직·기간제","딥러닝,메타버스,Python,Pytorch,모델링",https://www.saramin.co.kr/zf_user/jobs/relay/view?view_type=search&rec_idx=47690693&location=ts&searchword=%EB%94%A5%EB%9F%AC%EB%8B%9D&searchType=search&paid_fl=n&search_uuid=f22068c2-922d-4987-b226-85f251ce2913
11,(주)다비오,딥러닝 엔지니어,"서울,마포구,경력 3~15년,석사↑,정규직","딥러닝,AI(인공지능),OpenCV,Python,Pytorch",https://www.saramin.co.kr/zf_user/jobs/relay/view?view_type=search&rec_idx=46951919&location=ts&searchword=%EB%94%A5%EB%9F%AC%EB%8B%9D&searchType=search&paid_fl=n&search_uuid=f22068c2-922d-4987-b226-85f251ce2913
12,(주)딥브레인에이아이,머신러닝/딥러닝 엔지니어,"서울,강남구,경력 3~20년,학력무관,정규직","딥러닝,AI(인공지능),OpenCV,Python,Pytorch",https://www.saramin.co.kr/zf_user/jobs/relay/view?view_type=search&rec_idx=45408595&location=ts&searchword=%EB%94%A5%EB%9F%AC%EB%8B%9D&searchType=search&paid_fl=n&search_uuid=f22068c2-922d-4987-b226-85f251ce2913
13,(주)우리인재개발원,IT개발·데이터(딥러닝/머신러닝外 3개 부문) 채용 공고,"경기,부천시,경력2년↑,대졸↑,정규직·계약직","딥러닝,빅데이터,머신러닝,AI(인공지능),Python",https://www.saramin.co.kr/zf_user/jobs/relay/view?view_type=search&rec_idx=47623039&location=ts&searchword=%EB%94%A5%EB%9F%AC%EB%8B%9D&searchType=search&paid_fl=n&search_uuid=f22068c2-922d-4987-b226-85f251ce2913
14,(주)지브이랩,"머신 비전 프로그램 개발자 모집(딥러닝, 이미지 프로세싱, C++)","서울,금천구,경력무관,학력무관,정규직","딥러닝,알고리즘,머신러닝,소프트웨어개발",https://www.saramin.co.kr/zf_user/jobs/relay/view?view_type=search&rec_idx=47904960&location=ts&searchword=%EB%94%A5%EB%9F%AC%EB%8B%9D&searchType=search&paid_fl=n&search_uuid=f22068c2-922d-4987-b226-85f251ce2913
15,블루닷(주),[경력] 딥러닝 알고리즘 엔지니어,"서울,강남구,경력 3~12년,대졸↑,정규직","딥러닝,AI(인공지능),Python,Pytorch,알고리즘",https://www.saramin.co.kr/zf_user/jobs/relay/view?view_type=search&rec_idx=45119339&location=ts&searchword=%EB%94%A5%EB%9F%AC%EB%8B%9D&searchType=search&paid_fl=n&search_uuid=f22068c2-922d-4987-b226-85f251ce2913
16,수퍼빈(주),AI 및 딥러닝 개발 엔지니어,"경기전체,경력 5~10년,석사↑,정규직","딥러닝,알고리즘,컴퓨터비전,IoT,음성인식",https://www.saramin.co.kr/zf_user/jobs/relay/view?view_type=search&rec_idx=47038720&location=ts&searchword=%EB%94%A5%EB%9F%AC%EB%8B%9D&searchType=search&paid_fl=n&search_uuid=f22068c2-922d-4987-b226-85f251ce2913
17,(주)에이젠코어,[국방사업연구소] 빅데이터 분석 및 머신러닝&딥러닝 경력 채용,"경기,수원시 영통구,경력2년↑,대졸↑,정규직","딥러닝,빅데이터,데이터분석가,머신러닝,데이터엔지니어",https://www.saramin.co.kr/zf_user/jobs/relay/view?view_type=search&rec_idx=47810899&location=ts&searchword=%EB%94%A5%EB%9F%AC%EB%8B%9D&searchType=search&paid_fl=n&search_uuid=f22068c2-922d-4987-b226-85f251ce2913
18,무브멘토,AI 빅데이터 엔지니어 / 딥러닝 엔지니어 (빅데이터 실무자 모집),"서울,성동구,신입·경력,대졸↑,정규직","딥러닝,AI(인공지능),NLP(자연어처리),Python,OpenCV",https://www.saramin.co.kr/zf_user/jobs/relay/view?view_type=search&rec_idx=46332949&location=ts&searchword=%EB%94%A5%EB%9F%AC%EB%8B%9D&searchType=search&paid_fl=n&search_uuid=f22068c2-922d-4987-b226-85f251ce2913
19,(주)에이치아이티에스,딥 러닝 전문 인력(알고리즘 연구 / 개발) 모집 (신입 / 경력),"경기,부천시,경력무관,대졸↑,정규직","딥러닝,알고리즘,영상처리,이미지프로세싱,C++",https://www.saramin.co.kr/zf_user/jobs/relay/view?view_type=search&rec_idx=47913163&location=ts&searchword=%EB%94%A5%EB%9F%AC%EB%8B%9D&searchType=search&paid_fl=n&search_uuid=f22068c2-922d-4987-b226-85f251ce2913
20,(주)딥브레인에이아이,[딥브레인AI] 딥러닝 연구원 / 엔지니어 모집 (전문연구요원),"서울,강남구,경력무관,석사↑,정규직","딥러닝,알고리즘,VR(가상현실),빅데이터,데이터마이닝",https://www.saramin.co.kr/zf_user/jobs/relay/view?view_type=search&rec_idx=47948862&location=ts&searchword=%EB%94%A5%EB%9F%AC%EB%8B%9D&searchType=search&paid_fl=n&search_uuid=f22068c2-922d-4987-b226-85f251ce2913
21,(주)안티그래비티,[부피 알고리즘] AI(딥러닝) 연구 및 개발,"서울,성동구,경력 3~20년,석사↑,정규직","딥러닝,알고리즘,컴퓨터비전,Tensorflow,음성인식",https://www.saramin.co.kr/zf_user/jobs/relay/view?view_type=search&rec_idx=42913765&location=ts&searchword=%EB%94%A5%EB%9F%AC%EB%8B%9D&searchType=search&paid_fl=n&search_uuid=f22068c2-922d-4987-b226-85f251ce2913
22,(주)테서,의료 텍스트 자연어처리(NLP) 딥러닝 연구원(전문연구요원 가능),"서울,강남구,경력무관,대졸↑,정규직·전문연구요원","딥러닝,AI(인공지능),NLP(자연어처리),Python,Pytorch",https://www.saramin.co.kr/zf_user/jobs/relay/view?view_type=search&rec_idx=47547317&location=ts&searchword=%EB%94%A5%EB%9F%AC%EB%8B%9D&searchType=search&paid_fl=n&search_uuid=f22068c2-922d-4987-b226-85f251ce2913
23,아이넷캅,[경력·전문연] 딥러닝/머신러닝 개발자 채용(내일채움공제가능),"서울,송파구,신입·경력,석사↑,정규직·전문연구요원","딥러닝,Pandas,IoT,Tensorflow,머신러닝",https://www.saramin.co.kr/zf_user/jobs/relay/view?view_type=search&rec_idx=47645325&location=ts&searchword=%EB%94%A5%EB%9F%AC%EB%8B%9D&searchType=search&paid_fl=n&search_uuid=f22068c2-922d-4987-b226-85f251ce2913
24,(주)에프에스솔루션,[경력] 컴퓨터비전/딥러닝알고리즘 개발(ADAS/DMS/Surveillance),"경기,성남시 수정구,경력3년↑,대졸↑,정규직","딥러닝,AI(인공지능),Windows,OpenCV,Python",https://www.saramin.co.kr/zf_user/jobs/relay/view?view_type=search&rec_idx=47803589&location=ts&searchword=%EB%94%A5%EB%9F%AC%EB%8B%9D&searchType=search&paid_fl=n&search_uuid=f22068c2-922d-4987-b226-85f251ce2913
25,케빈랩(주),수치를 기반으로 한 딥러닝 알고리즘 개발 인재를 모십니다,"경기,안양시 만안구,경력5년↑,대졸↑,정규직","딥러닝,알고리즘,R,IoT,Tensorflow",https://www.saramin.co.kr/zf_user/jobs/relay/view?view_type=search&rec_idx=47962227&location=ts&searchword=%EB%94%A5%EB%9F%AC%EB%8B%9D&searchType=search&paid_fl=n&search_uuid=f22068c2-922d-4987-b226-85f251ce2913
26,라온피플(주),AI 비전 딥러닝 개발자 모집,"경기,성남시 분당구,경력7년↑,석사↑,정규직","딥러닝,알고리즘,컴퓨터비전,영상처리,Tensorflow",https://www.saramin.co.kr/zf_user/jobs/relay/view?view_type=search&rec_idx=47716639&location=ts&searchword=%EB%94%A5%EB%9F%AC%EB%8B%9D&searchType=search&paid_fl=n&search_uuid=f22068c2-922d-4987-b226-85f251ce2913
27,(주)에이아이인사이트,2024년 AI 엔지니어 (컴퓨터비전/딥러닝) 경력자 상시채용,"인천,연수구,경력 5~10년,학력무관,정규직","딥러닝,유지보수,컴퓨터비전,Git,React",https://www.saramin.co.kr/zf_user/jobs/relay/view?view_type=search&rec_idx=47889441&location=ts&searchword=%EB%94%A5%EB%9F%AC%EB%8B%9D&searchType=search&paid_fl=n&search_uuid=f22068c2-922d-4987-b226-85f251ce2913
28,(주)에프에스솔루션,컴퓨터 비전 딥러닝/머신러닝 개발자(ADAS/DMS/영상인식) (신입),"경기전체,신입·경력,대졸↑,정규직","딥러닝,AI(인공지능),OpenCV,Python,Pytorch",https://www.saramin.co.kr/zf_user/jobs/relay/view?view_type=search&rec_idx=46463234&location=ts&searchword=%EB%94%A5%EB%9F%AC%EB%8B%9D&searchType=search&paid_fl=n&search_uuid=f22068c2-922d-4987-b226-85f251ce2913
29,(주)비즈코퍼레이션,"MES/IT개발,비전/딥러닝 정규직 모집(신입/경력)","부산,강서구,경력무관,초대졸↑,정규직","딥러닝,MES,유지보수,SI개발,C#",https://www.saramin.co.kr/zf_user/jobs/relay/view?view_type=search&rec_idx=47762717&location=ts&searchword=%EB%94%A5%EB%9F%AC%EB%8B%9D&searchType=search&paid_fl=n&search_uuid=f22068c2-922d-4987-b226-85f251ce2913
30,(주)딥핑소스,딥러닝 엔지니어 채용,"서울,강남구,경력 3~13년,대졸↑,정규직","딥러닝,Tensorflow,Linux,C++,Python",https://www.saramin.co.kr/zf_user/jobs/relay/view?view_type=search&rec_idx=47925716&location=ts&searchword=%EB%94%A5%EB%9F%AC%EB%8B%9D&searchType=search&paid_fl=n&search_uuid=f22068c2-922d-4987-b226-85f251ce2913
31,(주)플라잎,딥러닝 엔지니어 채용(전문연구요원 가능),"경기,성남시 분당구,경력3년↑,대졸↑,정규직","딥러닝,Tensorflow,C++,Python,Pytorch",https://www.saramin.co.kr/zf_user/jobs/relay/view?view_type=search&rec_idx=47929326&location=ts&searchword=%EB%94%A5%EB%9F%AC%EB%8B%9D&searchType=search&paid_fl=n&search_uuid=f22068c2-922d-4987-b226-85f251ce2913
32,(주)지오스토리,[지오스토리] 영상 딥러닝 AI개발자 경력직 채용,"서울,강서구,경력무관,대졸↑,정규직·계약직","딥러닝,R,영상처리,측량/계측,AI(인공지능)",https://www.saramin.co.kr/zf_user/jobs/relay/view?view_type=search&rec_idx=47855632&location=ts&searchword=%EB%94%A5%EB%9F%AC%EB%8B%9D&searchType=search&paid_fl=n&search_uuid=f22068c2-922d-4987-b226-85f251ce2913
33,(주)에프에스솔루션,컴퓨터 비전 딥러닝/머신러닝 개발자(ADAS/DMS/영상인식) (팀장급),"경기전체,경력 10~15년,대졸↑,정규직","딥러닝,AI(인공지능),OpenCV,Python,Pytorch",https://www.saramin.co.kr/zf_user/jobs/relay/view?view_type=search&rec_idx=46463291&location=ts&searchword=%EB%94%A5%EB%9F%AC%EB%8B%9D&searchType=search&paid_fl=n&search_uuid=f22068c2-922d-4987-b226-85f251ce2913
34,(주)에이치아이티에스,딥러닝 응용 Application 연구/개발 전문인력 모집,"경기,부천시,경력무관,대졸↑,정규직","딥러닝,알고리즘,영상처리,Java,Linux",https://www.saramin.co.kr/zf_user/jobs/relay/view?view_type=search&rec_idx=47932893&location=ts&searchword=%EB%94%A5%EB%9F%AC%EB%8B%9D&searchType=search&paid_fl=n&search_uuid=f22068c2-922d-4987-b226-85f251ce2913
35,(주)스탠스,(주)스탠스 딥러닝엔진개발팀 팀원 모집,"서울,노원구,경력5년↑,대졸↑,정규직","딥러닝,알고리즘,R,IoT,Tensorflow",https://www.saramin.co.kr/zf_user/jobs/relay/view?view_type=search&rec_idx=47922195&location=ts&searchword=%EB%94%A5%EB%9F%AC%EB%8B%9D&searchType=search&paid_fl=n&search_uuid=f22068c2-922d-4987-b226-85f251ce2913
36,(주)에프에스솔루션,컴퓨터 비전 딥러닝/머신러닝 개발자(ADAS/DMS/영상인식) (3년이상),"경기전체,경력 3~9년,대졸↑,정규직","딥러닝,AI(인공지능),OpenCV,Python,Pytorch",https://www.saramin.co.kr/zf_user/jobs/relay/view?view_type=search&rec_idx=46463251&location=ts&searchword=%EB%94%A5%EB%9F%AC%EB%8B%9D&searchType=search&paid_fl=n&search_uuid=f22068c2-922d-4987-b226-85f251ce2913
37,(주)클레온,"Deep Learning Researcher J(AI딥러닝 연구원, CV)","서울,중구,경력 2~10년,석사↑,정규직","딥러닝,알고리즘,R,Tensorflow,블록체인",https://www.saramin.co.kr/zf_user/jobs/relay/view?view_type=search&rec_idx=46533258&location=ts&searchword=%EB%94%A5%EB%9F%AC%EB%8B%9D&searchType=search&paid_fl=n&search_uuid=f22068c2-922d-4987-b226-85f251ce2913
38,씨드로닉스(주),딥러닝(이미지) 연구개발,"서울,강남구,신입·경력,석사↑,정규직","딥러닝,AI(인공지능),OpenCV,Python,알고리즘",https://www.saramin.co.kr/zf_user/jobs/relay/view?view_type=search&rec_idx=47642005&location=ts&searchword=%EB%94%A5%EB%9F%AC%EB%8B%9D&searchType=search&paid_fl=n&search_uuid=f22068c2-922d-4987-b226-85f251ce2913
39,포인드(주),포인드(주) 인공지능·딥러닝 개발자(경력) 채용,"경북,구미시,경력1년↑,초대졸↑,정규직","딥러닝,아키텍쳐,AI(인공지능),Python,정보통신",https://www.saramin.co.kr/zf_user/jobs/relay/view?view_type=search&rec_idx=47878447&location=ts&searchword=%EB%94%A5%EB%9F%AC%EB%8B%9D&searchType=search&paid_fl=n&search_uuid=f22068c2-922d-4987-b226-85f251ce2913
40,포인드(주),포인드(주) 인공지능·딥러닝 개발자(신입) 채용,"경북,구미시,신입,초대졸↑,정규직","딥러닝,아키텍쳐,AI(인공지능),Python,정보통신",https://www.saramin.co.kr/zf_user/jobs/relay/view?view_type=search&rec_idx=47878425&location=ts&searchword=%EB%94%A5%EB%9F%AC%EB%8B%9D&searchType=search&paid_fl=n&search_uuid=b34a009d-a71f-4699-ba47-f8e518fe0d9e
41,(주)옵트에이아이,딥러닝 및 임베디드 개발자 채용 공고 (전문연구요원 가능),"서울,강서구,신입·경력,고졸↑,정규직","딥러닝,AI(인공지능),OpenCV,Python,신경망",https://www.saramin.co.kr/zf_user/jobs/relay/view?view_type=search&rec_idx=47886463&location=ts&searchword=%EB%94%A5%EB%9F%AC%EB%8B%9D&searchType=search&paid_fl=n&search_uuid=b34a009d-a71f-4699-ba47-f8e518fe0d9e
42,(주)델타엑스,딥러닝/3D 비전/Data Scientist 병역특례(전문연구요원),"서울,구로구,경력무관,석사↑,정규직·전문연구요원","딥러닝,AI(인공지능),NLP(자연어처리),인터페이스,Python",https://www.saramin.co.kr/zf_user/jobs/relay/view?view_type=search&rec_idx=47754939&location=ts&searchword=%EB%94%A5%EB%9F%AC%EB%8B%9D&searchType=search&paid_fl=n&search_uuid=b34a009d-a71f-4699-ba47-f8e518fe0d9e
43,(주)핸디비전,"머신비전  개발자 , C/C++/C#, OpenCV, MIL, PYTHON, 딥러닝, AI","경기,용인시 기흥구,경력무관,초대졸↑,정규직·계약직","딥러닝,AI(인공지능),OpenCV,Python,OpenGL",https://www.saramin.co.kr/zf_user/jobs/relay/view?view_type=search&rec_idx=47795203&location=ts&searchword=%EB%94%A5%EB%9F%AC%EB%8B%9D&searchType=search&paid_fl=n&search_uuid=b34a009d-a71f-4699-ba47-f8e518fe0d9e
44,(주)하이비젼시스템,딥러닝 경력직 엔지니어 채용,"경기,성남시 분당구,경력5년↑,석사↑,정규직","딥러닝,영상처리,Tensorflow,Pytorch,정밀광학",https://www.saramin.co.kr/zf_user/jobs/relay/view?view_type=search&rec_idx=47914968&location=ts&searchword=%EB%94%A5%EB%9F%AC%EB%8B%9D&searchType=search&paid_fl=n&search_uuid=b34a009d-a71f-4699-ba47-f8e518fe0d9e
45,(주)이프,[딥러닝 개발] 머신비전 CV/딥러닝 개발자 신입/경력,"경기,화성시,경력무관,학력무관,정규직","딥러닝,Windows,.NET,OpenCV,Python",https://www.saramin.co.kr/zf_user/jobs/relay/view?view_type=search&rec_idx=47946689&location=ts&searchword=%EB%94%A5%EB%9F%AC%EB%8B%9D&searchType=search&paid_fl=n&search_uuid=b34a009d-a71f-4699-ba47-f8e518fe0d9e
46,(주)폼즈,딥러닝 엔지니어 (스테이블 디퓨전),"서울,마포구,신입·경력,대졸↑,정규직","딥러닝,알고리즘,블록체인,빅데이터,솔루션",https://www.saramin.co.kr/zf_user/jobs/relay/view?view_type=search&rec_idx=44605372&location=ts&searchword=%EB%94%A5%EB%9F%AC%EB%8B%9D&searchType=search&paid_fl=n&search_uuid=b34a009d-a71f-4699-ba47-f8e518fe0d9e
47,(주)딥아이,[딥테크R&D] 데이터분석/머신러닝/딥러닝 연구원 및 개발자 모집,"부산,기장군,경력무관,학력무관,정규직","딥러닝,Tensorflow,빅데이터,솔루션,AI(인공지능)",https://www.saramin.co.kr/zf_user/jobs/relay/view?view_type=search&rec_idx=47960557&location=ts&searchword=%EB%94%A5%EB%9F%AC%EB%8B%9D&searchType=search&paid_fl=n&search_uuid=b34a009d-a71f-4699-ba47-f8e518fe0d9e
48,일리아스AI,AI 딥러닝 개발자 경력 채용,"서울,구로구,경력5년↑,석사↑,정규직","딥러닝,아키텍쳐,Python,Matlab,Pytorch",https://www.saramin.co.kr/zf_user/jobs/relay/view?view_type=search&rec_idx=47833383&location=ts&searchword=%EB%94%A5%EB%9F%AC%EB%8B%9D&searchType=search&paid_fl=n&search_uuid=b34a009d-a71f-4699-ba47-f8e518fe0d9e
49,(주)브이텐시스템,브이텐시스템 딥러닝 학습전담인원 채용,"경기,오산시,경력무관,학력무관,정규직","딥러닝,MFC,R,C#,C++",https://www.saramin.co.kr/zf_user/jobs/relay/view?view_type=search&rec_idx=47865762&location=ts&searchword=%EB%94%A5%EB%9F%AC%EB%8B%9D&searchType=search&paid_fl=n&search_uuid=b34a009d-a71f-4699-ba47-f8e518fe0d9e
50,(주)한다랩,[(주)한다랩] 딥러닝/프론트엔드/백엔드 각 부문 개발자 채용,"충북,청주시 흥덕구,신입·경력,학력무관,정규직","딥러닝,Python,Pytorch,API,HTML5",https://www.saramin.co.kr/zf_user/jobs/relay/view?view_type=search&rec_idx=47704608&location=ts&searchword=%EB%94%A5%EB%9F%AC%EB%8B%9D&searchType=search&paid_fl=n&search_uuid=b34a009d-a71f-4699-ba47-f8e518fe0d9e
51,(주)슈프리마,[슈프리마에이아이] 인공지능/머신러닝 경력직 채용공고,"경기전체,경력 2~10년,대졸↑,정규직","딥러닝,AI(인공지능),Python,Pytorch,알고리즘",https://www.saramin.co.kr/zf_user/jobs/relay/view?view_type=search&rec_idx=45787413&location=ts&searchword=%EB%94%A5%EB%9F%AC%EB%8B%9D&searchType=search&paid_fl=n&search_uuid=b34a009d-a71f-4699-ba47-f8e518fe0d9e
52,(주)이글루코퍼레이션,[연구개발본부] 인공지능/머신러닝 솔루션 엔진 개발 (5년이상),"서울전체,경력 5~10년,초대졸↑,정규직","딥러닝,AI(인공지능),Python,Pytorch,SE(시스템엔지니어)",https://www.saramin.co.kr/zf_user/jobs/relay/view?view_type=search&rec_idx=47469175&location=ts&searchword=%EB%94%A5%EB%9F%AC%EB%8B%9D&searchType=search&paid_fl=n&search_uuid=b34a009d-a71f-4699-ba47-f8e518fe0d9e
53,(주)토트,딥러닝 알고리즘 및 임베디드 시스템 제어 개발자 채용,"서울,성동구,경력무관,대졸↑,정규직","알고리즘,임베디드,로봇엔지니어,머신러닝,AI(인공지능)",https://www.saramin.co.kr/zf_user/jobs/relay/view?view_type=search&rec_idx=47700902&location=ts&searchword=%EB%94%A5%EB%9F%AC%EB%8B%9D&searchType=search&paid_fl=n&search_uuid=b34a009d-a71f-4699-ba47-f8e518fe0d9e
54,(주)레이와트,인공지능/머신러닝 연구 개발 경력 채용,"서울,광진구,경력 5~10년,대졸↑,정규직","딥러닝,컴퓨터비전,SI개발,S/W,Tensorflow",https://www.saramin.co.kr/zf_user/jobs/relay/view?view_type=search&rec_idx=47769366&location=ts&searchword=%EB%94%A5%EB%9F%AC%EB%8B%9D&searchType=search&paid_fl=n&search_uuid=b34a009d-a71f-4699-ba47-f8e518fe0d9e
55,(주)이스트소프트,[ESTsoft] LLM 머신러닝 엔지니어 (경력),"서울,서초구,경력 3~7년,학력무관,정규직","딥러닝,알고리즘,블록체인,빅데이터,데이터분석가",https://www.saramin.co.kr/zf_user/jobs/relay/view?view_type=search&rec_idx=47708182&location=ts&searchword=%EB%94%A5%EB%9F%AC%EB%8B%9D&searchType=search&paid_fl=n&search_uuid=b34a009d-a71f-4699-ba47-f8e518fe0d9e
56,(주)모든다해,"연구개발부문(AI, 딥러닝 개발자) 경력직원모집","경기,광명시,경력,대졸↑,정규직,5,000 만원","연구원,기술연구,기계",https://www.saramin.co.kr/zf_user/jobs/relay/view?view_type=search&rec_idx=47543052&location=ts&searchword=%EB%94%A5%EB%9F%AC%EB%8B%9D&searchType=search&paid_fl=n&search_uuid=b34a009d-a71f-4699-ba47-f8e518fe0d9e
57,(주)해양정보기술,수치모델링/빅데이터분석 및 딥러닝 부문채용,"서울,금천구,경력무관,대졸↑,정규직","딥러닝,토목공학,Python,GIS,Matlab",https://www.saramin.co.kr/zf_user/jobs/relay/view?view_type=search&rec_idx=47751500&location=ts&searchword=%EB%94%A5%EB%9F%AC%EB%8B%9D&searchType=search&paid_fl=n&search_uuid=b34a009d-a71f-4699-ba47-f8e518fe0d9e
58,(주)노르마,머신러닝/인공지능(경력 3년 이상),"서울,성동구,경력 3~10년,대졸↑,정규직","딥러닝,AI(인공지능),Python,Pytorch,SE(시스템엔지니어)",https://www.saramin.co.kr/zf_user/jobs/relay/view?view_type=search&rec_idx=46190639&location=ts&searchword=%EB%94%A5%EB%9F%AC%EB%8B%9D&searchType=search&paid_fl=n&search_uuid=b34a009d-a71f-4699-ba47-f8e518fe0d9e
59,(주)에이조스바이오,신약개발 AI 딥러닝 모델개발 연구원 (ADLi R&D),"경기,하남시,경력1년↑,석사↑,정규직","딥러닝,Keras,R,Tensorflow,Linux",https://www.saramin.co.kr/zf_user/jobs/relay/view?view_type=search&rec_idx=47953206&location=ts&searchword=%EB%94%A5%EB%9F%AC%EB%8B%9D&searchType=search&paid_fl=n&search_uuid=b34a009d-a71f-4699-ba47-f8e518fe0d9e
60,아이비테크(주),머신 러닝(ML) 개발자 경력 채용,"경기,남양주시,경력3년↑,대졸↑,정규직","딥러닝,모델링,알고리즘,Java,C++",https://www.saramin.co.kr/zf_user/jobs/relay/view?view_type=search&rec_idx=47754105&location=ts&searchword=%EB%94%A5%EB%9F%AC%EB%8B%9D&searchType=search&paid_fl=n&search_uuid=b34a009d-a71f-4699-ba47-f8e518fe0d9e
61,(주)누리콘,연구소 AI 및 DeepLearning 개발자 모집,"경기,성남시 분당구,경력무관,학력무관,정규직","딥러닝,영상처리,S/W,IoT,iOS",https://www.saramin.co.kr/zf_user/jobs/relay/view?view_type=search&rec_idx=47959895&location=ts&searchword=%EB%94%A5%EB%9F%AC%EB%8B%9D&searchType=search&paid_fl=n&search_uuid=b34a009d-a71f-4699-ba47-f8e518fe0d9e
62,(주)이노룰스,머신러닝 경력 개발자,"서울전체,경력 5~15년,대졸↑,정규직","딥러닝,AI(인공지능),Python,Pytorch,모델링",https://www.saramin.co.kr/zf_user/jobs/relay/view?view_type=search&rec_idx=47751816&location=ts&searchword=%EB%94%A5%EB%9F%AC%EB%8B%9D&searchType=search&paid_fl=n&search_uuid=b34a009d-a71f-4699-ba47-f8e518fe0d9e
63,(주)이든티앤에스,기술연구소 신입/경력사원 채용(Document AI/자연어/생성언어外),"서울,영등포구,신입·경력,대졸↑,정규직","딥러닝,AI(인공지능),NLP(자연어처리),NLU(자연어이해),OCR",https://www.saramin.co.kr/zf_user/jobs/relay/view?view_type=search&rec_idx=47764274&location=ts&searchword=%EB%94%A5%EB%9F%AC%EB%8B%9D&searchType=search&paid_fl=n&search_uuid=b34a009d-a71f-4699-ba47-f8e518fe0d9e
64,(주)에이아이비즈,인공지능/머신러닝 개발자 정규직 채용,"서울,동작구,경력 3~10년,대졸↑,정규직","딥러닝,알고리즘,Tensorflow,블록체인,빅데이터",https://www.saramin.co.kr/zf_user/jobs/relay/view?view_type=search&rec_idx=44865676&location=ts&searchword=%EB%94%A5%EB%9F%AC%EB%8B%9D&searchType=search&paid_fl=n&search_uuid=b34a009d-a71f-4699-ba47-f8e518fe0d9e
65,(주)닷밀,인공지능/딥러닝 기반 문화콘텐츠 기술연구원[전문연구요원 가능],"서울,마포구,신입·경력,대졸↑,정규직","딥러닝,알고리즘,R,음성인식,블록체인",https://www.saramin.co.kr/zf_user/jobs/relay/view?view_type=search&rec_idx=47683791&location=ts&searchword=%EB%94%A5%EB%9F%AC%EB%8B%9D&searchType=search&paid_fl=n&search_uuid=b34a009d-a71f-4699-ba47-f8e518fe0d9e
66,(주)크리에이츠,영상처리 개발자,"서울,강남구,경력 3~10년,초대졸↑,정규직","딥러닝,블록체인,빅데이터,C++,C언어",https://www.saramin.co.kr/zf_user/jobs/relay/view?view_type=search&rec_idx=47829636&location=ts&searchword=%EB%94%A5%EB%9F%AC%EB%8B%9D&searchType=search&paid_fl=n&search_uuid=b34a009d-a71f-4699-ba47-f8e518fe0d9e
67,(주)액션파워,인공지능/머신러닝 엔지니어 채용,"서울,관악구,신입·경력,대졸↑,정규직","딥러닝,AI(인공지능),Python,Pytorch,SE(시스템엔지니어)",https://www.saramin.co.kr/zf_user/jobs/relay/view?view_type=search&rec_idx=43586786&location=ts&searchword=%EB%94%A5%EB%9F%AC%EB%8B%9D&searchType=search&paid_fl=n&search_uuid=b34a009d-a71f-4699-ba47-f8e518fe0d9e
68,(주)크리에이츠,AI 비전 엔지니어,"서울,서초구,신입·경력,대졸↑,정규직","딥러닝,알고리즘,S/W,블록체인,빅데이터",https://www.saramin.co.kr/zf_user/jobs/relay/view?view_type=search&rec_idx=47898471&location=ts&searchword=%EB%94%A5%EB%9F%AC%EB%8B%9D&searchType=search&paid_fl=n&search_uuid=b34a009d-a71f-4699-ba47-f8e518fe0d9e
69,슈어소프트테크(주),[AI기술팀] LLM 연구 개발자,"경기전체,경력 2~15년,대졸↑,정규직","딥러닝,S/W,AI(인공지능),Python,알고리즘",https://www.saramin.co.kr/zf_user/jobs/relay/view?view_type=search&rec_idx=47764825&location=ts&searchword=%EB%94%A5%EB%9F%AC%EB%8B%9D&searchType=search&paid_fl=n&search_uuid=b34a009d-a71f-4699-ba47-f8e518fe0d9e
70,시그마케이 주식회사,시그마케이 주식회사 딥러닝 개발자 채용,"서울,노원구,경력무관,대졸↑,정규직","딥러닝,알고리즘,Tensorflow,머신러닝,Pytorch",https://www.saramin.co.kr/zf_user/jobs/relay/view?view_type=search&rec_idx=47966571&location=ts&searchword=%EB%94%A5%EB%9F%AC%EB%8B%9D&searchType=search&paid_fl=n&search_uuid=b34a009d-a71f-4699-ba47-f8e518fe0d9e
71,(주)씨이랩,[(주)씨이랩] ML FW개발자 모집,"서울,강남구,경력1년↑,대졸↑,정규직","딥러닝,Redis,SQL,Python,Pytorch",https://www.saramin.co.kr/zf_user/jobs/relay/view?view_type=search&rec_idx=47873599&location=ts&searchword=%EB%94%A5%EB%9F%AC%EB%8B%9D&searchType=search&paid_fl=n&search_uuid=b34a009d-a71f-4699-ba47-f8e518fe0d9e
72,(주)한싹,솔루션연구소 AI팀 연구개발자 채용,"서울,구로구,경력2년↑,대졸↑","딥러닝,AI(인공지능),AIX,JSP,Matlab",https://www.saramin.co.kr/zf_user/jobs/relay/view?view_type=search&rec_idx=47838038&location=ts&searchword=%EB%94%A5%EB%9F%AC%EB%8B%9D&searchType=search&paid_fl=n&search_uuid=b34a009d-a71f-4699-ba47-f8e518fe0d9e
73,(주)엠폴시스템,(주)엠폴시스템 AI데이터 사이언티스트 모집합니다.,"서울,강서구,경력5년↑,학력무관,정규직","딥러닝,AI(인공지능),Python,Pytorch,알고리즘",https://www.saramin.co.kr/zf_user/jobs/relay/view?view_type=search&rec_idx=47791397&location=ts&searchword=%EB%94%A5%EB%9F%AC%EB%8B%9D&searchType=search&paid_fl=n&search_uuid=b34a009d-a71f-4699-ba47-f8e518fe0d9e
74,(주) 스카이브,AI 개발자 경력사원 채용,"서울,서초구,경력2년↑,학력무관,정규직","딥러닝,Keras,Tensorflow,머신러닝,Python",https://www.saramin.co.kr/zf_user/jobs/relay/view?view_type=search&rec_idx=47831052&location=ts&searchword=%EB%94%A5%EB%9F%AC%EB%8B%9D&searchType=search&paid_fl=n&search_uuid=b34a009d-a71f-4699-ba47-f8e518fe0d9e
75,(주)코눈,[C#] Machine Vision 영상처리 개발자 모집,"서울,금천구,경력무관,초대졸↑,정규직","딥러닝,유지보수,.NET,Python,OpenCV",https://www.saramin.co.kr/zf_user/jobs/relay/view?view_type=search&rec_idx=47665184&location=ts&searchword=%EB%94%A5%EB%9F%AC%EB%8B%9D&searchType=search&paid_fl=n&search_uuid=b34a009d-a71f-4699-ba47-f8e518fe0d9e
76,(주)델타엑스,AI 연구원 및 개발자 모집,"서울,구로구,경력,석사↑,정규직","딥러닝,알고리즘,Tensorflow,솔루션,머신러닝",https://www.saramin.co.kr/zf_user/jobs/relay/view?view_type=search&rec_idx=47755021&location=ts&searchword=%EB%94%A5%EB%9F%AC%EB%8B%9D&searchType=search&paid_fl=n&search_uuid=b34a009d-a71f-4699-ba47-f8e518fe0d9e
77,(주)슈프리마,[슈프리마 AI] 얼굴인식/비디오분석 알고리즘 개발자 모집,"경기,성남시 분당구,경력 2~5년,대졸↑,정규직","딥러닝,알고리즘,영상처리,AI(인공지능),알고리즘개발",https://www.saramin.co.kr/zf_user/jobs/relay/view?view_type=search&rec_idx=47917530&location=ts&searchword=%EB%94%A5%EB%9F%AC%EB%8B%9D&searchType=search&paid_fl=n&search_uuid=b34a009d-a71f-4699-ba47-f8e518fe0d9e
78,(주)트루엔,AI 개발자,"서울전체,경력 3~15년,대졸↑,정규직","딥러닝,AI(인공지능),알고리즘,영상처리,Tensorflow",https://www.saramin.co.kr/zf_user/jobs/relay/view?view_type=search&rec_idx=47912171&location=ts&searchword=%EB%94%A5%EB%9F%AC%EB%8B%9D&searchType=search&paid_fl=n&search_uuid=b34a009d-a71f-4699-ba47-f8e518fe0d9e
79,(주)딥파인,AI Engineer,"서울,용산구,경력3년↑,대졸↑,정규직","딥러닝,AR(증강현실),VR(가상현실),솔루션,AI(인공지능)",https://www.saramin.co.kr/zf_user/jobs/relay/view?view_type=search&rec_idx=47917869&location=ts&searchword=%EB%94%A5%EB%9F%AC%EB%8B%9D&searchType=search&paid_fl=n&search_uuid=b34a009d-a71f-4699-ba47-f8e518fe0d9e
80,(주)아이와즈,"[AI] Python JAVA 머신러닝 개발자 모집(석,박사 모집)","대전,유성구,경력,석사↑,정규직·산업기능요원","딥러닝,AI(인공지능),SQL,Python,IoT",https://www.saramin.co.kr/zf_user/jobs/relay/view?view_type=search&rec_idx=47652219&location=ts&searchword=%EB%94%A5%EB%9F%AC%EB%8B%9D&searchType=search&paid_fl=n&search_uuid=b0ac0815-d36e-4621-b231-eb7063df4955
81,(주)아이와즈,[AI] Python JAVA 머신러닝 개발자 모집,"대전,유성구,경력무관,학력무관,정규직·산업기능요원","딥러닝,AI(인공지능),SQL,Python,IoT",https://www.saramin.co.kr/zf_user/jobs/relay/view?view_type=search&rec_idx=47647080&location=ts&searchword=%EB%94%A5%EB%9F%AC%EB%8B%9D&searchType=search&paid_fl=n&search_uuid=b0ac0815-d36e-4621-b231-eb7063df4955
82,(주)포소드,2024년 상반기 AI 개발자 채용,"서울,영등포구,경력무관,초대졸↑,정규직","딥러닝,Keras,영상처리,Git,Tensorflow",https://www.saramin.co.kr/zf_user/jobs/relay/view?view_type=search&rec_idx=47747170&location=ts&searchword=%EB%94%A5%EB%9F%AC%EB%8B%9D&searchType=search&paid_fl=n&search_uuid=b0ac0815-d36e-4621-b231-eb7063df4955
83,(주)트루라이트코리아,AI 개발자 채용,"서울,강남구,경력 5~15년,대졸↑,정규직","딥러닝,AI(인공지능),인터넷만화",https://www.saramin.co.kr/zf_user/jobs/relay/view?view_type=search&rec_idx=47763097&location=ts&searchword=%EB%94%A5%EB%9F%AC%EB%8B%9D&searchType=search&paid_fl=n&search_uuid=b0ac0815-d36e-4621-b231-eb7063df4955
84,㈜그린텍아이엔씨,AI 개발자 모집,"경기,안양시 동안구,경력3년↑,학력무관,정규직","딥러닝,알고리즘,C#,C++,솔루션",https://www.saramin.co.kr/zf_user/jobs/relay/view?view_type=search&rec_idx=47953967&location=ts&searchword=%EB%94%A5%EB%9F%AC%EB%8B%9D&searchType=search&paid_fl=n&search_uuid=b0ac0815-d36e-4621-b231-eb7063df4955
85,(주)인터엑스,"[서울] AI Researcher (언어모델, LLM, NLP)","서울전체,경력 2~7년,대졸↑,정규직","딥러닝,AI(인공지능),SQL,Python,Pytorch",https://www.saramin.co.kr/zf_user/jobs/relay/view?view_type=search&rec_idx=47637861&location=ts&searchword=%EB%94%A5%EB%9F%AC%EB%8B%9D&searchType=search&paid_fl=n&search_uuid=b0ac0815-d36e-4621-b231-eb7063df4955
86,(주)딥인사이트,AI 개발자 모집,"경기,성남시 분당구,경력2년↑,대졸↑,정규직","딥러닝,컴퓨터비전,알고리즘,S/W,네트워크",https://www.saramin.co.kr/zf_user/jobs/relay/view?view_type=search&rec_idx=47627494&location=ts&searchword=%EB%94%A5%EB%9F%AC%EB%8B%9D&searchType=search&paid_fl=n&search_uuid=b0ac0815-d36e-4621-b231-eb7063df4955
87,(주)인텔리빅스,[AI연구소] Vision-AI 모델 개발 인원 모집(병역특례포함),"서울,서초구,경력무관,대졸↑,정규직","딥러닝,AI(인공지능),Windows,Pytorch,신경망",https://www.saramin.co.kr/zf_user/jobs/relay/view?view_type=search&rec_idx=47849928&location=ts&searchword=%EB%94%A5%EB%9F%AC%EB%8B%9D&searchType=search&paid_fl=n&search_uuid=b0ac0815-d36e-4621-b231-eb7063df4955
88,(주)딥인사이트,AI 개발자,"경기전체,경력 2~7년,대졸↑,정규직","딥러닝,S/W,AI(인공지능),Python,Pytorch",https://www.saramin.co.kr/zf_user/jobs/relay/view?view_type=search&rec_idx=47628882&location=ts&searchword=%EB%94%A5%EB%9F%AC%EB%8B%9D&searchType=search&paid_fl=n&search_uuid=b0ac0815-d36e-4621-b231-eb7063df4955
89,(주)디파인,[AI 기술 개발] 부문 신입/경력 채용 (전문연구요원 채용 가능),"경기,성남시 분당구,신입·경력,석사↑,정규직·전문연구요원","딥러닝,Python,Matlab,알고리즘,Java",https://www.saramin.co.kr/zf_user/jobs/relay/view?view_type=search&rec_idx=47932611&location=ts&searchword=%EB%94%A5%EB%9F%AC%EB%8B%9D&searchType=search&paid_fl=n&search_uuid=b0ac0815-d36e-4621-b231-eb7063df4955
90,한화비전(주),AI 연구원,"경기전체,경력 3~12년,석사↑,정규직","딥러닝,AI(인공지능),Python,Pytorch,모델링",https://www.saramin.co.kr/zf_user/jobs/relay/view?view_type=search&rec_idx=46801516&location=ts&searchword=%EB%94%A5%EB%9F%AC%EB%8B%9D&searchType=search&paid_fl=n&search_uuid=b0ac0815-d36e-4621-b231-eb7063df4955
91,(주)와따,[WATA Inc] 비젼 알고리즘 개발 연구원,"경기전체,경력 3~13년,대졸↑,정규직","딥러닝,OpenCV,Python,알고리즘,R",https://www.saramin.co.kr/zf_user/jobs/relay/view?view_type=search&rec_idx=47842348&location=ts&searchword=%EB%94%A5%EB%9F%AC%EB%8B%9D&searchType=search&paid_fl=n&search_uuid=b0ac0815-d36e-4621-b231-eb7063df4955
92,(주)모빌테크,[모빌테크] SLAM & Computer Vision 연구원 모집 (신입/경력),"서울,서초구,신입·경력,대졸↑,정규직","딥러닝,AI(인공지능),Python,Pytorch,컴퓨터비전",https://www.saramin.co.kr/zf_user/jobs/relay/view?view_type=search&rec_idx=47815044&location=ts&searchword=%EB%94%A5%EB%9F%AC%EB%8B%9D&searchType=search&paid_fl=n&search_uuid=b0ac0815-d36e-4621-b231-eb7063df4955
93,(주)트윔,[면접비 지급] 인공지능 기반 머신비전 연구개발,"경기,화성시,신입·경력,대졸↑,정규직","딥러닝,AI(인공지능),Windows,OpenCV,Python",https://www.saramin.co.kr/zf_user/jobs/relay/view?view_type=search&rec_idx=47849100&location=ts&searchword=%EB%94%A5%EB%9F%AC%EB%8B%9D&searchType=search&paid_fl=n&search_uuid=b0ac0815-d36e-4621-b231-eb7063df4955
94,(주)딥인사이트,AI SOC 응용 프로그램 개발자,"경기전체,경력 2~7년,대졸↑,정규직","딥러닝,S/W,AI(인공지능),Python,Pytorch",https://www.saramin.co.kr/zf_user/jobs/relay/view?view_type=search&rec_idx=47803770&location=ts&searchword=%EB%94%A5%EB%9F%AC%EB%8B%9D&searchType=search&paid_fl=n&search_uuid=b0ac0815-d36e-4621-b231-eb7063df4955
95,(주)디파인,[클라우드 SW 개발] 부문 신입/경력 채용 (전문연구요원 가능),"경기,성남시 분당구,신입·경력,대졸↑,정규직·전문연구요원","딥러닝,AI(인공지능),영상처리,S/W,클라우드",https://www.saramin.co.kr/zf_user/jobs/relay/view?view_type=search&rec_idx=47932645&location=ts&searchword=%EB%94%A5%EB%9F%AC%EB%8B%9D&searchType=search&paid_fl=n&search_uuid=b0ac0815-d36e-4621-b231-eb7063df4955
96,(주)엑셈,"[코스닥상장사] 엑셈 데이터 사이언티스트 (경력 5년이상, 과장급)","서울,강서구,경력 5~10년,학력무관,정규직","딥러닝,SE(시스템엔지니어),알고리즘,클라우드,빅데이터",https://www.saramin.co.kr/zf_user/jobs/relay/view?view_type=search&rec_idx=45341375&location=ts&searchword=%EB%94%A5%EB%9F%AC%EB%8B%9D&searchType=search&paid_fl=n&search_uuid=b0ac0815-d36e-4621-b231-eb7063df4955
97,(주)블랙탠저린,머신러닝 개발자 구인,"서울,강남구,경력 3~20년,학력무관,정규직","딥러닝,알고리즘,AWS,블록체인,빅데이터",https://www.saramin.co.kr/zf_user/jobs/relay/view?view_type=search&rec_idx=45702882&location=ts&searchword=%EB%94%A5%EB%9F%AC%EB%8B%9D&searchType=search&paid_fl=n&search_uuid=b0ac0815-d36e-4621-b231-eb7063df4955
98,(주)디에스앤지,"AI 인프라, AI Ops 환경 구성","서울전체,경력 6~20년,대졸↑,정규직","딥러닝,AI(인공지능),Python,Kafka,모델링",https://www.saramin.co.kr/zf_user/jobs/relay/view?view_type=search&rec_idx=46987967&location=ts&searchword=%EB%94%A5%EB%9F%AC%EB%8B%9D&searchType=search&paid_fl=n&search_uuid=b0ac0815-d36e-4621-b231-eb7063df4955
99,(주)플래티어,데이터 엔지니어,"서울전체,경력 3~10년,학력무관,정규직","딥러닝,SQL,ETL,Python,RDBMS",https://www.saramin.co.kr/zf_user/jobs/relay/view?view_type=search&rec_idx=47481029&location=ts&searchword=%EB%94%A5%EB%9F%AC%EB%8B%9D&searchType=search&paid_fl=n&search_uuid=b0ac0815-d36e-4621-b231-eb7063df4955
100,(주)딥인사이트,AI SoC 응용 프로그램 개발자 모집,"경기,성남시 분당구,경력2년↑,대졸↑,정규직","딥러닝,알고리즘,RTOS,S/W,C++",https://www.saramin.co.kr/zf_user/jobs/relay/view?view_type=search&rec_idx=47706634&location=ts&searchword=%EB%94%A5%EB%9F%AC%EB%8B%9D&searchType=search&paid_fl=n&search_uuid=b0ac0815-d36e-4621-b231-eb7063df4955
101,(주)럭스로보,VISION SW 개발 경력자 채용,"서울,서초구,경력 3~12년,대졸↑,정규직","딥러닝,NLP(자연어처리),Pytorch,SE(시스템엔지니어),알고리즘",https://www.saramin.co.kr/zf_user/jobs/relay/view?view_type=search&rec_idx=47758899&location=ts&searchword=%EB%94%A5%EB%9F%AC%EB%8B%9D&searchType=search&paid_fl=n&search_uuid=b0ac0815-d36e-4621-b231-eb7063df4955
102,(주)스위트케이,자연어처리 및 컴퓨터비전 분야 인공지능(AI) 연구원 모집,"경기,과천시,신입·경력,대졸↑,정규직·계약직","딥러닝,컴퓨터비전,알고리즘,S/W,Tensorflow",https://www.saramin.co.kr/zf_user/jobs/relay/view?view_type=search&rec_idx=47633520&location=ts&searchword=%EB%94%A5%EB%9F%AC%EB%8B%9D&searchType=search&paid_fl=n&search_uuid=b0ac0815-d36e-4621-b231-eb7063df4955
103,(주)플래티어,형상관리 솔루션 엔지니어,"서울전체,경력 2~15년,학력무관,정규직","딥러닝,SE(시스템엔지니어),MSSQL,DevOps,Linux",https://www.saramin.co.kr/zf_user/jobs/relay/view?view_type=search&rec_idx=47162878&location=ts&searchword=%EB%94%A5%EB%9F%AC%EB%8B%9D&searchType=search&paid_fl=n&search_uuid=b0ac0815-d36e-4621-b231-eb7063df4955
104,(주)안랩,[AhnLab] 2024년 상반기 신입/Junior 공개채용,"경기,성남시 분당구,신입·경력,대졸↑,정규직","딥러닝,유지보수,PostgreSQL,SQL,Python",https://www.saramin.co.kr/zf_user/jobs/relay/view?view_type=search&rec_idx=47899766&location=ts&searchword=%EB%94%A5%EB%9F%AC%EB%8B%9D&searchType=search&paid_fl=n&search_uuid=b0ac0815-d36e-4621-b231-eb7063df4955
105,메이츠소프트주식회사,인공지능(AI) 소프트웨어 경력 개발자 모집,"서울,영등포구,경력2년↑,대졸↑,정규직","딥러닝,S/W,Tensorflow,빅데이터,C#",https://www.saramin.co.kr/zf_user/jobs/relay/view?view_type=search&rec_idx=47893362&location=ts&searchword=%EB%94%A5%EB%9F%AC%EB%8B%9D&searchType=search&paid_fl=n&search_uuid=b0ac0815-d36e-4621-b231-eb7063df4955
106,(주)다비오,(주)다비오 SAR 신호처리 엔지니어 채용,"서울,마포구,경력 2~7년,대졸↑,정규직","딥러닝,알고리즘,Unix,Python,Matlab",https://www.saramin.co.kr/zf_user/jobs/relay/view?view_type=search&rec_idx=47907876&location=ts&searchword=%EB%94%A5%EB%9F%AC%EB%8B%9D&searchType=search&paid_fl=n&search_uuid=b0ac0815-d36e-4621-b231-eb7063df4955
107,(주)지란지교데이터,AI 인공지능 개발자 채용 (5년 이상 경력) - 대전,"대전,유성구,경력 5~8년,대졸↑,정규직","딥러닝,AI(인공지능),NLP(자연어처리),Python,OCR",https://www.saramin.co.kr/zf_user/jobs/relay/view?view_type=search&rec_idx=47891925&location=ts&searchword=%EB%94%A5%EB%9F%AC%EB%8B%9D&searchType=search&paid_fl=n&search_uuid=b0ac0815-d36e-4621-b231-eb7063df4955
108,(주)컴퓨터메이트,AI Model 개발자 모집(경력자모집),"대구,수성구,경력2년↑,대졸↑,정규직","딥러닝,Keras,Tensorflow,Java,빅데이터",https://www.saramin.co.kr/zf_user/jobs/relay/view?view_type=search&rec_idx=47567292&location=ts&searchword=%EB%94%A5%EB%9F%AC%EB%8B%9D&searchType=search&paid_fl=n&search_uuid=b0ac0815-d36e-4621-b231-eb7063df4955
109,(주)딥인사이트,영상처리 응용 SW 개발자 모집,"경기,성남시 분당구,경력무관,대졸↑,정규직","딥러닝,MFC,Qt,알고리즘,컴퓨터비전",https://www.saramin.co.kr/zf_user/jobs/relay/view?view_type=search&rec_idx=47956670&location=ts&searchword=%EB%94%A5%EB%9F%AC%EB%8B%9D&searchType=search&paid_fl=n&search_uuid=b0ac0815-d36e-4621-b231-eb7063df4955
110,오케스트로(주),AI Engineer (NLP),"서울전체,경력 2~11년,학력무관,정규직","딥러닝,AI(인공지능),NLP(자연어처리),Python,Pytorch",https://www.saramin.co.kr/zf_user/jobs/relay/view?view_type=search&rec_idx=46977936&location=ts&searchword=%EB%94%A5%EB%9F%AC%EB%8B%9D&searchType=search&paid_fl=n&search_uuid=b0ac0815-d36e-4621-b231-eb7063df4955
111,(주)메디인테크,[전문연구요원 가능] 인공지능 연구원,"서울,종로구,경력무관,학력무관,정규직","딥러닝,알고리즘,영상처리,Tensorflow,Linux",https://www.saramin.co.kr/zf_user/jobs/relay/view?view_type=search&rec_idx=47547323&location=ts&searchword=%EB%94%A5%EB%9F%AC%EB%8B%9D&searchType=search&paid_fl=n&search_uuid=b0ac0815-d36e-4621-b231-eb7063df4955
112,아이디비(주),AI 개발자 모집,"서울,강남구,경력무관,학력무관,정규직·계약직","딥러닝,Keras,R,Tensorflow,머신러닝",https://www.saramin.co.kr/zf_user/jobs/relay/view?view_type=search&rec_idx=47584615&location=ts&searchword=%EB%94%A5%EB%9F%AC%EB%8B%9D&searchType=search&paid_fl=n&search_uuid=b0ac0815-d36e-4621-b231-eb7063df4955
113,딥퓨전에이아이(주),ROS2 Application 개발자,"서울,강남구,경력무관,학력무관,정규직","딥러닝,Tensorflow,Java,C++,머신러닝",https://www.saramin.co.kr/zf_user/jobs/relay/view?view_type=search&rec_idx=47812658&location=ts&searchword=%EB%94%A5%EB%9F%AC%EB%8B%9D&searchType=search&paid_fl=n&search_uuid=b0ac0815-d36e-4621-b231-eb7063df4955
114,(주)모빌린트,[전문연구요원 가능] Deep Learning Research Engineer,"서울,강남구,신입·경력,석사↑,정규직","딥러닝,AI(인공지능),Python,Pytorch,알고리즘",https://www.saramin.co.kr/zf_user/jobs/relay/view?view_type=search&rec_idx=45393244&location=ts&searchword=%EB%94%A5%EB%9F%AC%EB%8B%9D&searchType=search&paid_fl=n&search_uuid=b0ac0815-d36e-4621-b231-eb7063df4955
115,주식회사 제제소프트,"빅데이터 플랫폼 개발자,  머신러닝 개발자","서울,강남구,경력 3~15년,석사↑,정규직","딥러닝,API,SE(시스템엔지니어),알고리즘,MongoDB",https://www.saramin.co.kr/zf_user/jobs/relay/view?view_type=search&rec_idx=47241049&location=ts&searchword=%EB%94%A5%EB%9F%AC%EB%8B%9D&searchType=search&paid_fl=n&search_uuid=b0ac0815-d36e-4621-b231-eb7063df4955
116,(주)노르마,양자컴퓨팅 연구원(신입 및 경력),"서울,성동구,신입·경력,대졸↑,정규직","딥러닝,AI(인공지능),Python,Pytorch,SE(시스템엔지니어)",https://www.saramin.co.kr/zf_user/jobs/relay/view?view_type=search&rec_idx=46190601&location=ts&searchword=%EB%94%A5%EB%9F%AC%EB%8B%9D&searchType=search&paid_fl=n&search_uuid=b0ac0815-d36e-4621-b231-eb7063df4955
117,(주)옥토봇,(주)옥토봇 AI 엔지니어 모집,"서울,강남구,경력무관,대졸↑,정규직·계약직","딥러닝,Keras,알고리즘,컴퓨터비전,영상처리",https://www.saramin.co.kr/zf_user/jobs/relay/view?view_type=search&rec_idx=47727681&location=ts&searchword=%EB%94%A5%EB%9F%AC%EB%8B%9D&searchType=search&paid_fl=n&search_uuid=b0ac0815-d36e-4621-b231-eb7063df4955
118,(주)와따,C# 응용프로그램 개발자 모집,"경기전체,경력 3~15년,초대졸↑,정규직","딥러닝,유지보수,S/W,OpenCV,Python",https://www.saramin.co.kr/zf_user/jobs/relay/view?view_type=search&rec_idx=47505640&location=ts&searchword=%EB%94%A5%EB%9F%AC%EB%8B%9D&searchType=search&paid_fl=n&search_uuid=b0ac0815-d36e-4621-b231-eb7063df4955
119,(주)비아이씨티,2024년 상반기 지능형 영상처리 S/W 개발자 추가채용,"부산,북구,경력 4~10년,대졸↑,정규직","딥러닝,알고리즘,영상처리,S/W,Linux",https://www.saramin.co.kr/zf_user/jobs/relay/view?view_type=search&rec_idx=47719549&location=ts&searchword=%EB%94%A5%EB%9F%AC%EB%8B%9D&searchType=search&paid_fl=n&search_uuid=b0ac0815-d36e-4621-b231-eb7063df4955
120,아이헤이트플라잉버그스(주),머신러닝 엔지니어 / AI Researcher,"서울전체,경력 5~10년,학력무관,정규직","딥러닝,AI(인공지능),SQL,Python,Pytorch",https://www.saramin.co.kr/zf_user/jobs/relay/view?view_type=search&rec_idx=46733926&location=ts&searchword=%EB%94%A5%EB%9F%AC%EB%8B%9D&searchType=search&paid_fl=n&search_uuid=3f3ea902-25b2-494e-84ae-3d3cc62a0699
121,오케스트로(주),지능형 클라우드 R&D 연구원(전문연구요원),"서울전체,경력 1~5년,학력무관,정규직","딥러닝,Python,SE(시스템엔지니어),알고리즘,GCP",https://www.saramin.co.kr/zf_user/jobs/relay/view?view_type=search&rec_idx=46126550&location=ts&searchword=%EB%94%A5%EB%9F%AC%EB%8B%9D&searchType=search&paid_fl=n&search_uuid=3f3ea902-25b2-494e-84ae-3d3cc62a0699
122,다임리서치(주),백엔드 엔지니어 (AI 로봇 관제 솔루션) ,"서울,서초구,경력 5~10년,대졸↑,정규직","딥러닝,AI(인공지능),PostgreSQL,.NET,RDBMS",https://www.saramin.co.kr/zf_user/jobs/relay/view?view_type=search&rec_idx=43947020&location=ts&searchword=%EB%94%A5%EB%9F%AC%EB%8B%9D&searchType=search&paid_fl=n&search_uuid=3f3ea902-25b2-494e-84ae-3d3cc62a0699
123,(주)금도시스템,[R&D개발] 인공지능 관련 모델 및 서비스 개발자,"대구,북구,경력,대졸↑,정규직","딥러닝,Pytorch,Keras,R,영상처리",https://www.saramin.co.kr/zf_user/jobs/relay/view?view_type=search&rec_idx=47658018&location=ts&searchword=%EB%94%A5%EB%9F%AC%EB%8B%9D&searchType=search&paid_fl=n&search_uuid=3f3ea902-25b2-494e-84ae-3d3cc62a0699
124,렉스젠(주),영상분석 AI 개발 팀원,"경기전체,경력 3~5년,석사↑,정규직","딥러닝,AI(인공지능),OpenCV,Python,Pytorch",https://www.saramin.co.kr/zf_user/jobs/relay/view?view_type=search&rec_idx=47872976&location=ts&searchword=%EB%94%A5%EB%9F%AC%EB%8B%9D&searchType=search&paid_fl=n&search_uuid=3f3ea902-25b2-494e-84ae-3d3cc62a0699
125,위드로봇(주),"알고리즘, DNN 개발자 신입/경력 채용","서울,송파구,경력 5~20년,대졸↑,정규직","딥러닝,알고리즘,Tensorflow,Linux,C++",https://www.saramin.co.kr/zf_user/jobs/relay/view?view_type=search&rec_idx=47806236&location=ts&searchword=%EB%94%A5%EB%9F%AC%EB%8B%9D&searchType=search&paid_fl=n&search_uuid=3f3ea902-25b2-494e-84ae-3d3cc62a0699
126,데이터플로,인공지능 AI 모형 개발 최적화 & 데이터 분석,"서울,강남구,경력무관,학력무관,정규직","딥러닝,PaaS,알고리즘,Kubernetes,AWS",https://www.saramin.co.kr/zf_user/jobs/relay/view?view_type=search&rec_idx=47946949&location=ts&searchword=%EB%94%A5%EB%9F%AC%EB%8B%9D&searchType=search&paid_fl=n&search_uuid=3f3ea902-25b2-494e-84ae-3d3cc62a0699
127,(주)티오이십일콤즈,Phyton 및 인공지능(AI) 개발자 모집,"서울전체,경력 5~10년,초대졸↑,정규직","딥러닝,AI(인공지능),Windows,RestAPI,Python",https://www.saramin.co.kr/zf_user/jobs/relay/view?view_type=search&rec_idx=45096136&location=ts&searchword=%EB%94%A5%EB%9F%AC%EB%8B%9D&searchType=search&paid_fl=n&search_uuid=3f3ea902-25b2-494e-84ae-3d3cc62a0699
128,(주)데이터디자인엔지니어링,Computer Vision Engineer / Researcher,"서울,구로구,경력무관,대졸↑,정규직","딥러닝,컴퓨터비전,이미지프로세싱,빅데이터,머신러닝",https://www.saramin.co.kr/zf_user/jobs/relay/view?view_type=search&rec_idx=47863789&location=ts&searchword=%EB%94%A5%EB%9F%AC%EB%8B%9D&searchType=search&paid_fl=n&search_uuid=3f3ea902-25b2-494e-84ae-3d3cc62a0699
129,(주)모빅랩,AI 연구원(병특) AI Researcher 모집,"서울,서초구,신입·경력,석사↑,정규직·계약직","딥러닝,Keras,R,Tensorflow,솔루션",https://www.saramin.co.kr/zf_user/jobs/relay/view?view_type=search&rec_idx=47953133&location=ts&searchword=%EB%94%A5%EB%9F%AC%EB%8B%9D&searchType=search&paid_fl=n&search_uuid=3f3ea902-25b2-494e-84ae-3d3cc62a0699
130,미디어젠(주),[미디어젠(주)] 백엔드/AI모델링 개발자 신입/경력(정규직) 채용,"서울,강서구,신입·경력,초대졸↑,정규직","딥러닝,AI(인공지능),헬스케어,인터페이스,Python",https://www.saramin.co.kr/zf_user/jobs/relay/view?view_type=search&rec_idx=47667276&location=ts&searchword=%EB%94%A5%EB%9F%AC%EB%8B%9D&searchType=search&paid_fl=n&search_uuid=3f3ea902-25b2-494e-84ae-3d3cc62a0699
131,(주)와따,[WATA Inc] 비젼 SLAM 개발자 모집,"경기전체,경력 1~13년,초대졸↑,정규직","딥러닝,S/W,OpenCV,Python,R",https://www.saramin.co.kr/zf_user/jobs/relay/view?view_type=search&rec_idx=47784783&location=ts&searchword=%EB%94%A5%EB%9F%AC%EB%8B%9D&searchType=search&paid_fl=n&search_uuid=3f3ea902-25b2-494e-84ae-3d3cc62a0699
132,(주)뷰런테크놀로지,[Vueron] Deep Learning Engineer,"서울,서초구,경력 2~8년,석사↑,정규직","딥러닝,알고리즘,머신러닝,AI(인공지능),소프트웨어개발",https://www.saramin.co.kr/zf_user/jobs/relay/view?view_type=search&rec_idx=47872812&location=ts&searchword=%EB%94%A5%EB%9F%AC%EB%8B%9D&searchType=search&paid_fl=n&search_uuid=3f3ea902-25b2-494e-84ae-3d3cc62a0699
133,(주)스톤인테그리티,"인공지능 빅데이터 개발자 / 정규직 / 경력 - 대리, 과장","서울,강남구,경력2년↑,학력무관,정규직,4,000 만원","딥러닝,AI(인공지능),Spring,SQL,Python",https://www.saramin.co.kr/zf_user/jobs/relay/view?view_type=search&rec_idx=47855235&location=ts&searchword=%EB%94%A5%EB%9F%AC%EB%8B%9D&searchType=search&paid_fl=n&search_uuid=3f3ea902-25b2-494e-84ae-3d3cc62a0699
134,(주)코딧,머신러닝 엔지니어 (3년이상),"서울,강남구,경력 3~7년,대졸↑,정규직","딥러닝,SQL,Python,Pytorch,챗봇",https://www.saramin.co.kr/zf_user/jobs/relay/view?view_type=search&rec_idx=47615162&location=ts&searchword=%EB%94%A5%EB%9F%AC%EB%8B%9D&searchType=search&paid_fl=n&search_uuid=3f3ea902-25b2-494e-84ae-3d3cc62a0699
135,(주)플래티어,아틀라시안 & 데브옵스 솔루션 엔지니어,"서울전체,경력 2~15년,학력무관,정규직","딥러닝,Windows,SQL,Python,OracleDB",https://www.saramin.co.kr/zf_user/jobs/relay/view?view_type=search&rec_idx=45631405&location=ts&searchword=%EB%94%A5%EB%9F%AC%EB%8B%9D&searchType=search&paid_fl=n&search_uuid=3f3ea902-25b2-494e-84ae-3d3cc62a0699
136,(주)위밋모빌리티,[데이터마이닝] 라우팅 엔진 R&D 및 개발 담당,"서울,영등포구,경력 3~7년,학력무관,정규직","딥러닝,PostgreSQL,MariaDB,Python,Pytorch",https://www.saramin.co.kr/zf_user/jobs/relay/view?view_type=search&rec_idx=47756450&location=ts&searchword=%EB%94%A5%EB%9F%AC%EB%8B%9D&searchType=search&paid_fl=n&search_uuid=3f3ea902-25b2-494e-84ae-3d3cc62a0699
137,넛지헬스케어(주),[병역특례] 데이터분석 담당 산업기능요원 모집,"서울,강남구,신입·경력,학력무관,정규직","딥러닝,헬스케어,SQL,Python,SE(시스템엔지니어)",https://www.saramin.co.kr/zf_user/jobs/relay/view?view_type=search&rec_idx=46584359&location=ts&searchword=%EB%94%A5%EB%9F%AC%EB%8B%9D&searchType=search&paid_fl=n&search_uuid=3f3ea902-25b2-494e-84ae-3d3cc62a0699
138,(주)인터엑스,"[서울] 데이터분석(이미지 및 영상 데이터 분석가, Data Scientist)","서울전체,경력 2~5년,학력무관,정규직","딥러닝,AI(인공지능),OpenCV,Python,Pytorch",https://www.saramin.co.kr/zf_user/jobs/relay/view?view_type=search&rec_idx=45410472&location=ts&searchword=%EB%94%A5%EB%9F%AC%EB%8B%9D&searchType=search&paid_fl=n&search_uuid=3f3ea902-25b2-494e-84ae-3d3cc62a0699
139,(주)트위니,[로봇개발본부] 이동로봇 관제 서버(ACS) S/W개발 담당자(경력),"대전,유성구,경력,학력무관,정규직","딥러닝,유지보수,풀스택,Python,모델링",https://www.saramin.co.kr/zf_user/jobs/relay/view?view_type=search&rec_idx=47928887&location=ts&searchword=%EB%94%A5%EB%9F%AC%EB%8B%9D&searchType=search&paid_fl=n&search_uuid=3f3ea902-25b2-494e-84ae-3d3cc62a0699
140,포트리스이노베이션(주),소프트웨어 개발 엔지니어 채용,"대전,유성구,경력 4~15년,대졸↑,정규직","딥러닝,Javascript,네트워크,C#,빅데이터",https://www.saramin.co.kr/zf_user/jobs/relay/view?view_type=search&rec_idx=47832631&location=ts&searchword=%EB%94%A5%EB%9F%AC%EB%8B%9D&searchType=search&paid_fl=n&search_uuid=3f3ea902-25b2-494e-84ae-3d3cc62a0699
141,(주)이노룰스,AI 경력 개발자 모집,"서울전체,경력 5~15년,초대졸↑,정규직","딥러닝,AI(인공지능),SE(시스템엔지니어),알고리즘,음성인식",https://www.saramin.co.kr/zf_user/jobs/relay/view?view_type=search&rec_idx=47768933&location=ts&searchword=%EB%94%A5%EB%9F%AC%EB%8B%9D&searchType=search&paid_fl=n&search_uuid=3f3ea902-25b2-494e-84ae-3d3cc62a0699
142,(주)모빌린트,[전문연구요원 가능] Software Engineer,"서울,강남구,신입·경력,대졸↑,정규직","딥러닝,SE(시스템엔지니어),S/W,Linux,임베디드",https://www.saramin.co.kr/zf_user/jobs/relay/view?view_type=search&rec_idx=43308635&location=ts&searchword=%EB%94%A5%EB%9F%AC%EB%8B%9D&searchType=search&paid_fl=n&search_uuid=3f3ea902-25b2-494e-84ae-3d3cc62a0699
143,(주)이몰디노,[마이스터고 우대] 주니어 AI/ML 데이터 분석,"서울,중구,신입·경력,고졸↑,정규직","딥러닝,AI(인공지능),SQL,Python,SaaS",https://www.saramin.co.kr/zf_user/jobs/relay/view?view_type=search&rec_idx=47889203&location=ts&searchword=%EB%94%A5%EB%9F%AC%EB%8B%9D&searchType=search&paid_fl=n&search_uuid=3f3ea902-25b2-494e-84ae-3d3cc62a0699
144,(주)파수,빅데이터 처리 시스템 개발 ,"서울,마포구,경력 5~10년,대졸↑,정규직","딥러닝,SQL,Python,SE(시스템엔지니어),Pandas",https://www.saramin.co.kr/zf_user/jobs/relay/view?view_type=search&rec_idx=47331779&location=ts&searchword=%EB%94%A5%EB%9F%AC%EB%8B%9D&searchType=search&paid_fl=n&search_uuid=3f3ea902-25b2-494e-84ae-3d3cc62a0699
145,(주)터빈크루,AI개발자 신입/경력 채용,"광주,북구,경력무관,대졸↑,정규직","딥러닝,유지보수,알고리즘,Tensorflow,클라우드",https://www.saramin.co.kr/zf_user/jobs/relay/view?view_type=search&rec_idx=47795732&location=ts&searchword=%EB%94%A5%EB%9F%AC%EB%8B%9D&searchType=search&paid_fl=n&search_uuid=3f3ea902-25b2-494e-84ae-3d3cc62a0699
146,(주)모빌린트,[전문연구요원 가능] Deep Learning Optimization Engineer,"서울,강남구,신입·경력,석사↑,정규직","딥러닝,아키텍쳐,AI(인공지능),Python,Pytorch",https://www.saramin.co.kr/zf_user/jobs/relay/view?view_type=search&rec_idx=45393196&location=ts&searchword=%EB%94%A5%EB%9F%AC%EB%8B%9D&searchType=search&paid_fl=n&search_uuid=3f3ea902-25b2-494e-84ae-3d3cc62a0699
147,(주)아이브,DevOps / 시스템 엔지니어 경력직 채용,"서울,서초구,경력 4~10년,학력무관,정규직","딥러닝,Python,SE(시스템엔지니어),Kubernetes,DevOps",https://www.saramin.co.kr/zf_user/jobs/relay/view?view_type=search&rec_idx=47936343&location=ts&searchword=%EB%94%A5%EB%9F%AC%EB%8B%9D&searchType=search&paid_fl=n&search_uuid=3f3ea902-25b2-494e-84ae-3d3cc62a0699
148,(주)크레스콤,인공지능 소프트웨어 개발 채용,"경기전체,경력 1~15년,초대졸↑,정규직","딥러닝,S/W,AI(인공지능),Python,Pytorch",https://www.saramin.co.kr/zf_user/jobs/relay/view?view_type=search&rec_idx=47375754&location=ts&searchword=%EB%94%A5%EB%9F%AC%EB%8B%9D&searchType=search&paid_fl=n&search_uuid=3f3ea902-25b2-494e-84ae-3d3cc62a0699
149,로봇앤컴(주),[로봇앤컴주식회사] Ai 인공지능 개발자 경력 채용,"서울,광진구,경력3년↑,초대졸↑,정규직·계약직","딥러닝,Kafka,GCP,S/W,DevOps",https://www.saramin.co.kr/zf_user/jobs/relay/view?view_type=search&rec_idx=47964880&location=ts&searchword=%EB%94%A5%EB%9F%AC%EB%8B%9D&searchType=search&paid_fl=n&search_uuid=3f3ea902-25b2-494e-84ae-3d3cc62a0699
150,(주)딥인사이트,Data Scientist,"경기,성남시 분당구,경력무관,대졸↑,정규직","딥러닝,컴퓨터비전,C++,C언어,데이터분석가",https://www.saramin.co.kr/zf_user/jobs/relay/view?view_type=search&rec_idx=47925922&location=ts&searchword=%EB%94%A5%EB%9F%AC%EB%8B%9D&searchType=search&paid_fl=n&search_uuid=3f3ea902-25b2-494e-84ae-3d3cc62a0699
151,(주)럭스로보,Vision SW 개발자,"서울,서초구,경력 3~12년,대졸↑,정규직","딥러닝,S/W,AI(인공지능),Python,Pytorch",https://www.saramin.co.kr/zf_user/jobs/relay/view?view_type=search&rec_idx=47758495&location=ts&searchword=%EB%94%A5%EB%9F%AC%EB%8B%9D&searchType=search&paid_fl=n&search_uuid=3f3ea902-25b2-494e-84ae-3d3cc62a0699
152,(주)이글루코퍼레이션,[연구개발본부] 데이터 분석 엔진 개발 (6년이상),"서울전체,경력 6~12년,초대졸↑,정규직","딥러닝,AI(인공지능),ETL,Kafka,SE(시스템엔지니어)",https://www.saramin.co.kr/zf_user/jobs/relay/view?view_type=search&rec_idx=47570805&location=ts&searchword=%EB%94%A5%EB%9F%AC%EB%8B%9D&searchType=search&paid_fl=n&search_uuid=3f3ea902-25b2-494e-84ae-3d3cc62a0699
153,(주)다비오,컴퓨터비전 엔지니어,"서울,마포구,경력 3~15년,석사↑,정규직","딥러닝,AI(인공지능),OpenCV,Python,Pytorch",https://www.saramin.co.kr/zf_user/jobs/relay/view?view_type=search&rec_idx=46951927&location=ts&searchword=%EB%94%A5%EB%9F%AC%EB%8B%9D&searchType=search&paid_fl=n&search_uuid=3f3ea902-25b2-494e-84ae-3d3cc62a0699
154,다산네트웍스,[DX솔루션] 임베디드 소프트웨어 개발자 모집,"경기,성남시 분당구,경력3년↑,학력무관,정규직","딥러닝,Windows,Python,신경망,MFC",https://www.saramin.co.kr/zf_user/jobs/relay/view?view_type=search&rec_idx=47584204&location=ts&searchword=%EB%94%A5%EB%9F%AC%EB%8B%9D&searchType=search&paid_fl=n&search_uuid=3f3ea902-25b2-494e-84ae-3d3cc62a0699
155,(주)컨텍,[CONTEC] 소프트웨어 개발자 모집,"대전,유성구,경력무관,대졸↑,정규직","딥러닝,Python,.NET,Pytorch,API",https://www.saramin.co.kr/zf_user/jobs/relay/view?view_type=search&rec_idx=47901023&location=ts&searchword=%EB%94%A5%EB%9F%AC%EB%8B%9D&searchType=search&paid_fl=n&search_uuid=3f3ea902-25b2-494e-84ae-3d3cc62a0699
156,(주)코난테크놀로지,2024년 상반기 각 부문 신입/경력 상시 채용,"서울,서초구,신입·경력,대졸↑,정규직","딥러닝,웹마스터,유지보수,AIX,Python",https://www.saramin.co.kr/zf_user/jobs/relay/view?view_type=search&rec_idx=47370206&location=ts&searchword=%EB%94%A5%EB%9F%AC%EB%8B%9D&searchType=search&paid_fl=n&search_uuid=3f3ea902-25b2-494e-84ae-3d3cc62a0699
157,(주)미소정보기술,[미소정보기술] 제조분야 데이터분석 및 AI 개발자,"서울,강남구,경력 3~20년,초대졸↑,정규직","딥러닝,모델링,SI개발,빅데이터,데이터마이닝",https://www.saramin.co.kr/zf_user/jobs/relay/view?view_type=search&rec_idx=47747675&location=ts&searchword=%EB%94%A5%EB%9F%AC%EB%8B%9D&searchType=search&paid_fl=n&search_uuid=3f3ea902-25b2-494e-84ae-3d3cc62a0699
158,(주)데이터메이커,ML Engineer,"대전전체,신입·경력,대졸↑,정규직","딥러닝,아키텍쳐,Python,Pytorch,Keras",https://www.saramin.co.kr/zf_user/jobs/relay/view?view_type=search&rec_idx=42972081&location=ts&searchword=%EB%94%A5%EB%9F%AC%EB%8B%9D&searchType=search&paid_fl=n&search_uuid=3f3ea902-25b2-494e-84ae-3d3cc62a0699
159,바이플(주),미래가치를 함께 할 AI/ML 엔지니어  경력 모집,"서울,강남구,경력2년↑,초대졸↑,정규직","딥러닝,AI(인공지능),NLP(자연어처리),NLU(자연어이해),Python",https://www.saramin.co.kr/zf_user/jobs/relay/view?view_type=search&rec_idx=47806403&location=ts&searchword=%EB%94%A5%EB%9F%AC%EB%8B%9D&searchType=search&paid_fl=n&search_uuid=3f3ea902-25b2-494e-84ae-3d3cc62a0699
